1,./aligned_face/teamh/wangyi.png,,,__
1,./aligned_face/teamh/linsiyi.png,,,___
1,./aligned_face/teamh/yuanhang.png,,,__
1,./aligned_face/teamh/liujiongran.png,,,___
1,./aligned_face/teamh/xuyangyuzhuo.png,,,____
1,./aligned_face/teamh/lijiaen.png,,,___
1,./aligned_face/teamh/hongpeiyun.png,,,___
1,./aligned_face/teamh/yuanyiqi.png,,,___
1,./aligned_face/teamh/linnan.png,,,__
1,./aligned_face/teamh/wanlina.png,,,___
1,./aligned_face/teamh/shenmengyao.png,,,___
1,./aligned_face/teamh/zhangxin.png,,,__
1,./aligned_face/teamh/yanghuiting.png,,,___
1,./aligned_face/teamh/zengxiaowen.png,,,___
1,./aligned_face/teamh/liyitong.png,,,___
1,./aligned_face/teamh/songyushan.png,,,___
1,./aligned_face/teamh/xiongqinxian.png,,,___
1,./aligned_face/teamh/jiangshuting.png,,,___
1,./aligned_face/teamh/jiangshan.png,,,__
1,./aligned_face/teamh/yujiayi.png,,,___
1,./aligned_face/teamh/sunzhenni.png,,,___
1,./aligned_face/teamh/feiqinyuan.png,,,___
1,./aligned_face/teamh/xuhan.png,,,__
2,./aligned_face/teamn/zhangyuxin.png,,,___
2,./aligned_face/teamn/liujuzi.png,,,___
2,./aligned_face/teamn/yanjiaojun.png,,,___
2,./aligned_face/teamn/liupeixin.png,,,___
2,./aligned_face/teamn/xieni.png,,,__
2,./aligned_face/teamn/zhaoyue.png,,,__
2,./aligned_face/teamn/xuyi.png,,,__
2,./aligned_face/teamn/fengxinduo.png,,,___
2,./aligned_face/teamn/luting.png,,,__
2,./aligned_face/teamn/huangtongyang.png,,,___
2,./aligned_face/teamn/zhangyi.png,,,__
2,./aligned_face/teamn/jiangzhenyi.png,,,___
2,./aligned_face/teamn/haowanqing.png,,,___
2,./aligned_face/teamn/chenwenyan.png,,,___
2,./aligned_face/teamn/jinyingyue.png,,,___
2,./aligned_face/teamn/guoqianyun.png,,,___
2,./aligned_face/teamn/yijiaai.png,,,___
2,./aligned_face/teamn/hexiaoyu.png,,,___
2,./aligned_face/teamn/huangtingting.png,,,___
2,./aligned_face/teamn/taoboer.png,,,___
2,./aligned_face/teamn/chenjiaying.png,,,___
3,./aligned_face/teamx/xietianyi.png,,,___
3,./aligned_face/teamx/yangbingyi.png,,,___
3,./aligned_face/teamx/wangshu.png,,,__
3,./aligned_face/teamx/zhangjiayu.png,,,___
3,./aligned_face/teamx/fengxiaofei.png,,,___
3,./aligned_face/teamx/sunyaping.png,,,___
3,./aligned_face/teamx/sunxinwen.png,,,___
3,./aligned_face/teamx/xushiqi.png,,,___
3,./aligned_face/teamx/linyining.png,,,___
3,./aligned_face/teamx/qijing.png,,,__
3,./aligned_face/teamx/songxinran.png,,,___
3,./aligned_face/teamx/yaoyichun.png,,,___
3,./aligned_face/teamx/yangyunyu.png,,,___
3,./aligned_face/teamx/wangxiaojia.png,,,___
3,./aligned_face/teamx/lizha.png,,,__
3,./aligned_face/teamx/chenyunling.png,,,___
3,./aligned_face/teamx/zhangdansan.png,,,___
3,./aligned_face/teamx/chenlin.png,,,__
3,./aligned_face/teamx/lijing.png,,,__
3,./aligned_face/teamx/wangjialing.png,,,___
3,./aligned_face/teamx/panyingqi.png,,,___
4,./aligned_face/teams/liuzengyan.png,,,___
4,./aligned_face/teams/qiuxinyi.png,,,___
4,./aligned_face/teams/chenguanhui.png,,,___
4,./aligned_face/teams/mohan.png,,,__
4,./aligned_face/teams/xuyiren.png,,,___
4,./aligned_face/teams/zhaoye.png,,,__
4,./aligned_face/teams/sunrui.png,,,__
4,./aligned_face/teams/liyuqi.png,,,___
4,./aligned_face/teams/yuanyuzhen.png,,,___
4,./aligned_face/teams/shaoxuecong.png,,,___
4,./aligned_face/teams/kongxiaoyin.png,,,___
4,./aligned_face/teams/xuchenchen.png,,,___
4,./aligned_face/teams/qianbeiting.png,,,___
4,./aligned_face/teams/zhangyuge.png,,,___
4,./aligned_face/teams/wuzhehan.png,,,___
4,./aligned_face/teams/xuzixuan.png,,,___
4,./aligned_face/teams/xujiaqi.png,,,___
4,./aligned_face/teams/jiangyun.png,,,__
4,./aligned_face/teams/daimeng.png,,,__
4,./aligned_face/teams/yuandanni.png,,,___
4,./aligned_face/teams/lvyi.png,,,__
4,./aligned_face/teams/chensi.png,,,__